Country,Gender_Development_Index,Human_Development_Index_female,Human_Development_Index_male,Life_expectancy_at_birth_female,Life_expectancy_at_birth_male,Expected_years_of_schooling_female,Expected_years_of_schooling_male,Mean_years_of_schooling_female,Mean_years_of_schooling_male,Estimated_gross_national_income_per_capita_female,Estimated_gross_national_income_per_capita_male,Human_Development_Index,Life_expectancy_at_birth,Expected_years_of_schooling,Mean_years_of_schooling,Gross_national_income_GNI_per_capita,GNI_per_capita_rank_minus_HDI_rank,HDI_rank,MPI_year_and_survey,MPI_index,Population_in_MDP_perc,Population_in_MDP_k,Intensity_of_deprivation,Population_near_MDP,Population_in_severe_MDP,Contribution_of_deprivation_in_dimension_to_overall_poverty_perc_education,Contribution_of_deprivation_in_dimension_to_overall_poverty_perc_health,Contribution_of_deprivation_in_dimension_to_overall_poverty_perc_livingstandards,Population_living_below_income_poverty_line_perc,Population_living_below_income_poverty_line_PPP1.9day,Year_of_survey,EF2013,EF2009,GDP2013,GDP2009,EFDelta,GDPDelta,DDelta,EFDelta_P,GDPDelta_P,DDelta_P,DDelta_Rank,EFDelta_Rank,GDPDelta_Rank,Dec_Flag,GDP_std
Afghanistan,0.61,0.35,0.57,62.00,59.50,8.30,13.10,1.60,5.80,511.00,3148.00,0.48,60.70,10.10,3.60,1871.00,1.00,169.00,2010/2011M,0.29,58.80,16.94,49.90,16.00,29.80,45.60,19.20,35.20,35.80,NA,2010/2011,27270736.49,20868574.02,19731337261.00,14697331941.00,6402162.48,5034005320.00,5027603158.00,30.68,34.25,3.57,102.00,149.00,140.00,0.00,28.06
Albania,0.96,0.75,0.78,80.60,75.60,14.40,14.00,9.50,9.80,7365.00,13186.00,0.76,78.00,14.20,9.60,10252.00,24.00,75.00,2008/2009D,0.01,1.20,35.00,38.30,7.20,0.10,22.40,47.10,30.50,14.30,1.10,2008/2009,6616186.33,6815357.26,12542465022.00,11500292411.00,-199170.93,1042172611.00,1042371782.00,-2.92,9.06,11.98,62.00,34.00,47.00,1.00,26.93
Algeria,0.85,0.67,0.78,77.50,72.70,14.60,14.10,6.60,8.50,4022.00,22926.00,0.75,75.00,14.40,7.80,13533.00,-1.00,84.00,NA,NA,NA,NA,NA,NA,NA,NA,NA,NA,NA,NA,NA,90957355.07,76216524.22,176000000000.00,156000000000.00,14740830.85,20700000000.00,20705259169.00,19.34,13.32,-6.02,135.00,128.00,69.00,0.00,52.58
Andorra,NA,NA,NA,NA,NA,NA,NA,10.20,10.30,,,0.86,81.50,13.50,10.30,47979.00,-18.00,32.00,NA,NA,NA,NA,NA,NA,NA,NA,NA,NA,NA,NA,NA,NA,NA,NA,NA,NA,NA,NA,NA,NA,NA,NA,NA,NA,NA,NA
Angola,NA,NA,NA,54.20,51.20,8.70,14.00,NA,NA,5073.00,7527.00,0.53,52.70,11.40,5.00,6291.00,-27.00,150.00,NA,NA,NA,NA,NA,NA,NA,NA,NA,NA,NA,NA,NA,22957308.40,17607132.67,96261432368.00,79753199398.00,5350175.73,16508232970.00,16502882794.00,30.39,20.70,-9.69,142.00,148.00,101.00,0.00,40.04
Antigua and Barbuda,NA,NA,NA,78.60,73.70,14.60,13.30,NA,NA,,,0.79,76.20,13.90,9.20,20907.00,-4.00,61.00,NA,NA,NA,NA,NA,NA,NA,NA,NA,NA,NA,NA,NA,NA,NA,NA,NA,NA,NA,NA,NA,NA,NA,NA,NA,NA,NA,NA
Argentina,0.98,0.81,0.83,80.20,72.60,18.40,16.10,9.70,10.00,12875.00,29367.00,0.83,76.50,17.30,9.90,20945.00,12.00,45.00,2005N,0.02,3.70,1.46,39.10,5.20,0.50,38.20,27.80,34.00,NA,1.70,2005.00,158699622.30,119344051.80,458000000000.00,386000000000.00,39355570.57,71700000000.00,71643644429.00,32.98,18.57,-14.40,146.00,151.00,93.00,0.00,96.64
Armenia,0.99,0.74,0.74,78.70,71.10,13.80,11.40,11.30,11.30,5535.00,11258.00,0.74,74.90,12.70,11.30,8189.00,28.00,85.00,2010D,0.00,0.60,18.00,37.00,3.00,0.10,3.40,87.80,8.70,30.00,2.30,2010.00,6193203.33,5844214.27,10736584306.00,9060944166.00,348989.06,1675640140.00,1675291151.00,5.97,18.49,12.52,58.00,71.00,92.00,0.00,26.65
Australia,0.98,0.93,0.95,84.60,80.50,20.90,20.00,13.40,13.00,34271.00,51386.00,0.94,82.50,20.40,13.20,42822.00,19.00,3.00,NA,NA,NA,NA,NA,NA,NA,NA,NA,NA,NA,NA,NA,204837815.40,216496001.60,1240000000000.00,1120000000000.00,-11658186.12,122000000000.00,122000000000.00,-5.38,10.88,16.27,44.00,26.00,56.00,1.00,219.40
Austria,0.96,0.87,0.91,84.00,79.10,16.20,15.60,10.80,11.80,29829.00,57888.00,0.89,81.60,15.90,11.30,43609.00,-4.00,24.00,NA,NA,NA,NA,NA,NA,NA,NA,NA,NA,NA,NA,NA,51883277.75,49630216.91,405000000000.00,383000000000.00,2253060.84,21800000000.00,21833746939.00,4.54,5.70,1.16,115.00,68.00,33.00,0.00,88.35
Azerbaijan,0.94,0.73,0.78,74.10,67.80,12.60,12.70,10.30,12.00,11029.00,21845.00,0.76,70.90,12.70,11.20,16413.00,-12.00,77.00,2006D,0.01,2.40,210.00,38.20,11.50,0.20,20.00,50.70,29.30,6.00,0.50,2006.00,21861065.99,18768195.38,57238335961.00,50453518393.00,3092870.61,6784817568.00,6781724697.00,16.48,13.45,-3.03,131.00,116.00,70.00,0.00,33.93
Bahamas,NA,NA,NA,78.50,72.50,NA,NA,11.50,10.50,18070.00,25209.00,0.79,75.60,12.70,10.90,21565.00,-3.00,58.00,NA,NA,NA,NA,NA,NA,NA,NA,NA,NA,NA,NA,NA,NA,NA,NA,NA,NA,NA,NA,NA,NA,NA,NA,NA,NA,NA,NA
Bahrain,0.97,0.81,0.83,77.80,75.90,15.10,13.70,9.40,9.40,25717.00,44303.00,0.82,76.70,14.50,9.40,37236.00,-19.00,46.00,NA,NA,NA,NA,NA,NA,NA,NA,NA,NA,NA,NA,NA,NA,NA,NA,NA,NA,NA,NA,NA,NA,NA,NA,NA,NA,NA,NA
Bangladesh,0.93,0.56,0.60,73.30,70.70,10.40,9.90,5.00,5.60,2379.00,4285.00,0.58,72.00,10.20,5.20,3341.00,8.00,140.00,2014D,0.19,40.70,64.82,46.20,19.60,16.00,28.40,26.10,45.50,31.50,18.50,2014.00,117772778.80,100248357.30,139000000000.00,109000000000.00,17524421.56,29400000000.00,29384475578.00,17.48,26.93,9.45,72.00,119.00,119.00,0.00,46.67
Barbados,1.01,0.80,0.79,78.10,73.30,16.70,13.90,10.60,10.30,11801.00,18377.00,0.80,75.80,15.30,10.50,14952.00,20.00,54.00,2012M,0.00,1.20,3.00,33.70,0.30,0.00,1.50,95.90,2.60,NA,NA,2012.00,949884.13,1207194.63,4490584971.00,4435485769.00,-257310.50,55099202.00,55356512.50,-21.31,1.24,22.56,25.00,3.00,14.00,1.00,25.67
Belarus,1.02,0.80,0.79,77.30,65.70,16.10,15.10,11.90,12.10,12327.00,19433.00,0.80,71.50,15.70,12.00,15629.00,19.00,51.00,2005M,0.00,0.40,41.00,34.50,1.10,0.00,2.60,89.70,7.70,5.10,0.00,2005.00,43935430.50,42138099.46,59927867090.00,51253510501.00,1797331.05,8674356589.00,8672559258.00,4.27,16.92,12.66,57.00,66.00,82.00,0.00,34.35
Belgium,0.98,0.88,0.90,83.40,78.50,16.70,15.90,11.20,11.60,32416.00,50358.00,0.90,81.00,16.60,11.40,41243.00,1.00,21.00,NA,NA,NA,NA,NA,NA,NA,NA,NA,NA,NA,NA,NA,76842363.50,77768005.22,493000000000.00,471000000000.00,-925641.71,21700000000.00,21722925642.00,-1.19,4.61,5.80,91.00,41.00,28.00,1.00,102.12
Belize,0.97,0.69,0.72,73.10,67.40,13.00,12.50,10.50,10.50,5360.00,9402.00,0.71,70.10,12.80,10.50,7375.00,14.00,103.00,2011M,0.03,7.40,24.00,41.20,6.40,1.50,36.20,34.80,29.00,NA,NA,2011.00,NA,NA,NA,NA,NA,NA,NA,NA,NA,NA,NA,NA,NA,NA,NA
Benin,0.86,0.46,0.54,61.20,58.30,10.50,13.70,2.80,4.30,1673.00,2287.00,0.49,59.80,10.70,3.50,1979.00,1.00,168.00,2011/2012D,0.34,64.20,6.45,53.30,16.90,37.70,33.10,24.80,42.10,36.20,53.10,2011/2012,13565077.10,11461191.39,8063036668.00,6825749998.00,2103885.71,1237286670.00,1235182784.00,18.36,18.13,-0.23,120.00,125.00,88.00,0.00,26.23
Bhutan,0.90,0.57,0.64,70.10,69.60,12.60,12.40,2.10,4.20,5657.00,8308.00,0.61,69.90,12.50,3.10,7081.00,-12.00,132.00,2010M,0.13,29.40,212.00,43.50,18.00,8.80,40.30,26.30,33.40,12.00,2.20,2010.00,3479548.25,2849623.01,1835844374.00,1419010481.00,629925.25,416833893.00,416203967.80,22.11,29.37,7.27,86.00,134.00,122.00,0.00,25.25
Bolivia (Plurinational State of),0.93,0.65,0.70,71.30,66.30,13.50,14.10,7.60,8.80,4695.00,7610.00,0.67,68.70,13.80,8.20,6155.00,6.00,118.00,2008D,0.10,20.60,1.97,47.00,17.30,7.80,21.90,27.90,50.20,38.60,6.80,2008.00,31830193.99,27629934.51,23208056518.00,18870603598.00,4200259.48,4337452920.00,4333252661.00,15.20,22.99,7.78,83.00,107.00,109.00,0.00,28.60
Bosnia and Herzegovina,0.92,0.72,0.78,79.20,74.10,14.80,14.00,7.80,10.60,6950.00,13261.00,0.75,76.60,14.20,9.00,10091.00,22.00,82.00,2011/2012M,0.01,1.70,65.00,37.30,3.20,0.00,7.80,79.50,12.70,17.90,0.10,2011/2012,12291774.03,12310976.72,17568163123.00,17032435469.00,-19202.69,535727654.00,535746856.70,-0.16,3.15,3.30,103.00,44.00,23.00,1.00,27.72
Botswana,0.98,0.69,0.70,66.90,62.20,12.80,12.50,9.20,9.50,13278.00,16050.00,0.70,64.50,12.60,9.20,14663.00,-33.00,107.00,NA,NA,NA,NA,NA,NA,NA,NA,NA,NA,NA,NA,NA,6679456.87,6653148.27,15560888960.00,11778027472.00,26308.60,3782861488.00,3782835179.00,0.40,32.12,31.72,12.00,46.00,134.00,0.00,27.40
Brazil,1.01,0.75,0.75,78.50,71.00,15.70,14.70,8.10,7.50,10672.00,17736.00,0.75,74.70,15.20,7.80,14145.00,-1.00,79.00,2014N,0.01,2.40,4.99,40.00,6.70,0.30,24.90,45.10,30.10,7.40,3.70,2014.00,615872753.10,531817637.60,2410000000000.00,2050000000000.00,84055115.50,356000000000.00,355000000000.00,15.81,17.31,1.50,113.00,110.00,84.00,0.00,402.38
Brunei Darussalam,0.99,0.85,0.87,80.90,77.20,15.40,14.60,9.00,9.10,55402.00,89256.00,0.87,79.00,14.90,9.00,72843.00,-25.00,30.00,NA,NA,NA,NA,NA,NA,NA,NA,NA,NA,NA,NA,NA,NA,NA,NA,NA,NA,NA,NA,NA,NA,NA,NA,NA,NA,NA,NA
Bulgaria,0.98,0.79,0.80,77.80,70.90,15.30,14.80,10.80,11.20,12979.00,19736.00,0.79,74.30,15.00,10.80,16261.00,13.00,57.00,NA,NA,NA,NA,NA,NA,NA,NA,NA,NA,NA,NA,NA,22680547.28,26116832.58,52039981143.00,50582434410.00,-3436285.30,1457546733.00,1460983018.00,-13.16,2.88,16.04,45.00,9.00,20.00,1.00,33.12
Burkina Faso,0.87,0.38,0.43,60.30,57.60,7.30,8.10,1.00,2.00,1278.00,1800.00,0.40,59.00,7.70,1.40,1537.00,-8.00,185.00,2010D,0.51,82.80,12.95,61.30,7.60,63.80,39.00,22.50,38.50,40.10,43.70,2010.00,20326395.76,17479473.33,10785180292.00,8288546127.00,2846922.43,2496634165.00,2493787243.00,16.29,30.12,13.83,50.00,115.00,126.00,0.00,26.65
Burundi,0.92,0.39,0.42,59.20,55.10,10.20,11.10,2.60,3.60,632.00,752.00,0.40,57.10,10.60,3.00,691.00,5.00,184.00,2010D,0.44,81.80,7.74,54.00,12.00,48.20,25.00,26.30,48.80,64.60,77.70,2010.00,6613951.15,7250208.06,2297622744.00,1952928500.00,-636256.91,344694244.00,345330500.90,-8.78,17.65,26.43,18.00,17.00,86.00,1.00,25.32
Cabo Verde,NA,NA,NA,75.20,71.60,13.90,13.10,NA,NA,4030.00,8123.00,0.65,73.50,13.50,4.80,6049.00,3.00,122.00,NA,NA,NA,NA,NA,NA,NA,NA,NA,NA,NA,NA,NA,1118118.84,903479.47,1762867521.00,1640251585.00,214639.37,122615936.00,122401296.60,23.76,7.48,-16.28,147.00,141.00,39.00,0.00,25.24
Cambodia,0.89,0.53,0.59,70.80,66.70,10.10,11.70,3.70,5.50,2650.00,3563.00,0.56,68.80,10.90,4.70,3095.00,10.00,143.00,2014D,0.15,33.80,5.18,44.30,21.60,11.40,30.80,26.40,42.80,17.70,2.20,2014.00,18294262.51,15182321.98,13876856310.00,10609615491.00,3111940.53,3267240819.00,3264128878.00,20.50,30.80,10.30,70.00,129.00,129.00,0.00,27.14
Cameroon,0.85,0.47,0.56,57.10,54.80,9.60,11.30,4.60,7.40,2340.00,3448.00,0.52,56.00,10.40,6.10,2894.00,2.00,154.00,2011D,0.26,48.20,10.17,54.10,17.80,27.10,24.50,31.30,44.20,37.50,24.00,2011.00,25769697.92,22486657.78,27160443493.00,22874787500.00,3283040.15,4285655993.00,4282372953.00,14.60,18.74,4.14,98.00,105.00,94.00,0.00,29.22
Canada,0.98,0.91,0.93,84.10,80.20,16.80,15.90,13.30,12.90,33288.00,52026.00,0.92,82.20,16.30,13.10,42582.00,12.00,9.00,NA,NA,NA,NA,NA,NA,NA,NA,NA,NA,NA,NA,NA,308461755.40,276879206.50,1730000000000.00,1570000000000.00,31582548.90,166000000000.00,166000000000.00,11.41,10.58,-0.83,123.00,94.00,54.00,0.00,296.02
Central African Republic,0.78,0.31,0.40,53.40,49.50,5.80,8.40,2.80,5.70,482.00,696.00,0.35,51.50,7.10,4.20,587.00,4.00,188.00,2010M,0.42,76.30,3.39,55.60,15.70,48.50,23.80,26.20,50.00,62.00,66.30,2010.00,5381556.36,5526940.40,1352053851.00,1927297142.00,-145384.05,-575243291.00,-575097907.00,-2.63,-29.85,-27.22,150.00,35.00,1.00,0.00,25.18
Chad,0.77,0.34,0.45,53.00,50.80,5.80,8.80,1.20,3.40,1581.00,2400.00,0.40,51.90,7.30,2.30,1991.00,-19.00,186.00,2010M,0.55,86.90,10.34,62.70,8.80,67.60,32.30,22.50,45.20,46.70,38.40,2010.00,18068927.95,16822435.44,12275999076.00,9385905830.00,1246492.50,2890093246.00,2888846753.00,7.41,30.79,23.38,22.00,76.00,128.00,0.00,26.89
Chile,0.97,0.83,0.86,84.70,79.00,16.60,16.10,9.80,10.00,14955.00,28556.00,0.85,82.00,16.30,9.90,21665.00,16.00,38.00,NA,NA,NA,NA,NA,NA,NA,NA,NA,NA,NA,NA,NA,76455632.57,62460474.59,252000000000.00,206000000000.00,13995157.98,46800000000.00,46745004842.00,22.41,22.73,0.32,119.00,135.00,107.00,0.00,64.51
China,0.95,0.72,0.75,77.50,74.50,13.70,13.40,7.20,7.90,10705.00,15830.00,0.74,76.00,13.50,7.60,13345.00,-7.00,91.00,2012N,0.02,5.20,70.81,43.30,22.70,1.00,30.00,36.60,33.40,NA,1.90,2012.00,5009653687.00,4252929833.00,7770000000000.00,5510000000000.00,756723854.20,2250000000000.00,2250000000000.00,17.79,40.85,23.05,24.00,123.00,148.00,0.00,1241.35
Colombia,1.00,0.73,0.73,77.80,70.70,14.50,13.30,7.60,7.50,10215.00,15389.00,0.73,74.20,13.60,7.60,12762.00,-10.00,95.00,2010D,0.03,7.60,3.49,42.20,10.20,1.80,34.30,24.70,41.00,27.80,5.70,2010.00,89343293.72,85859687.13,334000000000.00,276000000000.00,3483606.59,57800000000.00,57759516393.00,4.06,20.92,16.87,41.00,64.00,103.00,0.00,77.25
Comoros,0.82,0.44,0.54,65.30,61.90,10.90,11.30,3.70,5.60,715.00,1945.00,0.50,63.60,11.10,4.80,1335.00,22.00,160.00,2012D/M,0.17,34.30,252.00,48.10,23.10,14.90,29.10,25.90,45.00,44.80,13.50,2012/,788182.83,732365.67,580236282.90,519073731.20,55817.17,61162551.70,61106734.53,7.62,11.78,4.16,97.00,78.00,60.00,0.00,25.06
Congo,0.93,0.57,0.61,64.40,61.40,11.00,11.30,5.50,6.70,4731.00,6274.00,0.59,62.90,11.10,6.30,5503.00,-7.00,135.00,2011/2012D,0.19,43.00,1.84,44.70,26.20,12.20,10.60,32.80,56.60,46.50,37.00,2011/2012,5556632.02,4696991.37,13334057141.00,11041561163.00,859640.64,2292495978.00,2291636337.00,18.30,20.76,2.46,109.00,124.00,102.00,0.00,27.05
Congo (Democratic Republic of the),0.83,0.39,0.47,60.50,57.60,8.70,10.00,4.00,8.10,599.00,761.00,0.44,59.10,9.80,6.10,680.00,15.00,178.00,2013/2014D,0.37,72.50,54.31,50.80,18.50,36.70,15.60,31.00,53.40,63.60,77.10,2013/2014,54656142.76,51574592.58,25500497990.00,19166509369.00,3081550.18,6333988621.00,6330907071.00,5.97,33.05,27.07,15.00,72.00,139.00,0.00,28.96
Costa Rica,0.97,0.76,0.79,82.10,77.20,14.50,13.80,8.70,8.70,9955.00,18052.00,0.78,79.60,14.20,8.70,14006.00,14.00,66.00,NA,NA,NA,NA,NA,NA,NA,NA,NA,NA,NA,NA,NA,11675431.48,9583816.19,41572792270.00,35510217687.00,2091615.29,6062574583.00,6060482968.00,21.82,17.07,-4.75,132.00,133.00,83.00,0.00,31.48
Côte d'Ivoire,0.81,0.42,0.52,52.80,51.10,7.80,9.80,3.90,6.10,2136.00,4155.00,0.47,51.90,8.90,5.00,3163.00,-20.00,172.00,2011/2012D,0.31,59.30,12.52,51.70,17.90,32.40,36.50,25.80,37.70,46.30,29.00,2011/2012,26335865.31,20642565.52,28681616270.00,24392355457.00,5693299.78,4289260813.00,4283567513.00,27.58,17.58,-10.00,143.00,146.00,85.00,0.00,29.46
Croatia,1.00,0.83,0.83,80.80,74.20,16.00,14.60,11.20,11.60,16932.00,23897.00,0.83,77.50,15.30,11.20,20291.00,14.00,46.00,NA,NA,NA,NA,NA,NA,NA,NA,NA,NA,NA,NA,NA,16116829.11,17475922.78,57591646782.00,60713512917.00,-1359093.66,-3121866135.00,-3120507041.00,-7.78,-5.14,2.63,108.00,19.00,6.00,0.00,33.99
Cuba,0.95,0.75,0.79,81.60,77.60,14.40,13.50,11.50,12.00,5013.00,9874.00,0.78,79.60,13.90,11.80,7455.00,48.00,69.00,NA,NA,NA,NA,NA,NA,NA,NA,NA,NA,NA,NA,NA,21083118.44,22007802.82,69954605015.00,62827666171.00,-924684.38,7126938844.00,7127863528.00,-4.20,11.34,15.55,47.00,28.00,58.00,1.00,35.92
Cyprus,0.98,0.85,0.86,82.60,78.20,14.70,13.80,11.60,11.90,23450.00,35227.00,0.86,80.30,14.30,11.70,29459.00,4.00,34.00,NA,NA,NA,NA,NA,NA,NA,NA,NA,NA,NA,NA,NA,3774867.63,5741441.05,23356225780.00,25229779225.00,-1966573.42,-1873553445.00,-1871586872.00,-34.25,-7.43,26.83,17.00,1.00,4.00,0.00,28.62
Czech Republic,0.98,0.87,0.88,81.60,75.90,17.60,16.10,12.10,12.60,20997.00,35543.00,0.88,78.80,16.80,12.30,28144.00,11.00,28.00,NA,NA,NA,NA,NA,NA,NA,NA,NA,NA,NA,NA,NA,55794066.52,58308093.01,208000000000.00,202000000000.00,-2514026.50,6090000000.00,6095514026.00,-4.31,3.01,7.32,85.00,27.00,22.00,1.00,57.61
Denmark,0.97,0.91,0.94,82.30,78.50,20.00,18.40,12.60,12.90,36857.00,52293.00,0.93,80.40,19.20,12.70,44519.00,13.00,6.00,NA,NA,NA,NA,NA,NA,NA,NA,NA,NA,NA,NA,NA,34355274.70,38060702.27,322000000000.00,315000000000.00,-3705427.57,7770000000.00,7776705428.00,-9.74,2.47,12.21,60.00,14.00,19.00,1.00,75.47
Djibouti,NA,NA,NA,64.00,60.70,5.80,6.80,NA,NA,1981.00,4441.00,0.47,62.30,6.30,4.10,3216.00,-22.00,171.00,2006M,0.13,26.90,213.00,47.30,16.00,11.10,36.10,22.70,41.20,NA,22.50,2006.00,2408004.50,1562672.30,1297930970.00,1090583938.00,845332.20,207347032.00,206501699.80,54.10,19.01,-35.08,154.00,155.00,96.00,0.00,25.17
Dominica,NA,NA,NA,NA,NA,NA,NA,NA,NA,,,0.73,77.90,12.80,7.90,10096.00,6.00,95.00,NA,NA,NA,NA,NA,NA,NA,NA,NA,NA,NA,NA,NA,161736.10,203575.83,491169137.40,490525414.30,-41839.73,643723.10,685562.83,-20.55,0.13,20.68,30.00,4.00,12.00,1.00,25.04
Dominican Republic,0.99,0.72,0.72,76.90,70.60,13.70,12.70,7.90,7.50,9281.00,16256.00,0.72,73.70,13.20,7.70,12756.00,-13.00,101.00,2013D,0.03,6.00,613.00,41.60,20.60,1.00,28.40,39.60,32.00,32.40,2.30,2013.00,15684077.95,14126200.68,59894034107.00,49811705704.00,1557877.27,10082328403.00,10080770526.00,11.03,20.24,9.21,74.00,92.00,99.00,0.00,34.35
Ecuador,0.98,0.73,0.75,78.90,73.40,14.40,13.90,8.20,8.40,8278.00,12795.00,0.74,76.10,14.00,8.30,10536.00,6.00,87.00,2013/2014N,0.02,3.70,585.00,39.60,8.40,0.50,23.60,42.40,34.00,23.30,3.80,2013/2014,NA,NA,NA,NA,NA,NA,NA,NA,NA,NA,NA,NA,NA,NA,NA
Egypt,0.88,0.64,0.72,73.60,69.20,13.00,13.20,6.40,7.90,4750.00,15267.00,0.69,71.30,13.10,7.10,10064.00,-7.00,111.00,2014D,0.02,4.20,3.75,37.40,5.60,0.40,45.60,46.70,7.80,25.20,NA,2014.00,171292054.40,146321022.50,233000000000.00,208000000000.00,24971031.89,24400000000.00,24338028968.00,17.07,11.70,-5.36,134.00,117.00,59.00,0.00,61.39
El Salvador,0.96,0.66,0.69,77.70,68.60,13.00,13.30,6.20,6.90,5386.00,10385.00,0.68,73.30,13.20,6.50,7732.00,-3.00,115.00,NA,NA,NA,NA,NA,NA,NA,NA,NA,NA,NA,NA,NA,11534909.12,11643748.51,22716943730.00,21129922272.00,-108839.39,1587021458.00,1587130297.00,-0.93,7.51,8.45,78.00,42.00,40.00,1.00,28.52
Equatorial Guinea,NA,NA,NA,59.40,56.60,NA,NA,4.00,7.30,17462.00,25375.00,0.59,57.90,9.20,5.50,21517.00,-79.00,137.00,NA,NA,NA,NA,NA,NA,NA,NA,NA,NA,NA,NA,NA,NA,NA,NA,NA,NA,NA,NA,NA,NA,NA,NA,NA,NA,NA,NA
Eritrea,NA,NA,NA,66.30,62.00,4.40,5.60,NA,NA,1286.00,1693.00,0.42,64.20,5.00,3.90,1490.00,1.00,181.00,NA,NA,NA,NA,NA,NA,NA,NA,NA,NA,NA,NA,NA,NA,NA,NA,NA,NA,NA,NA,NA,NA,NA,NA,NA,NA,NA,NA
Estonia,1.03,0.88,0.85,81.40,72.20,17.30,15.70,13.00,12.20,21976.00,31347.00,0.87,77.00,16.50,12.50,26362.00,12.00,31.00,NA,NA,NA,NA,NA,NA,NA,NA,NA,NA,NA,NA,NA,9253852.51,8893818.83,22185920530.00,19061483444.00,360033.68,3124437086.00,3124077052.00,4.05,16.39,12.34,59.00,63.00,81.00,0.00,28.44
Ethiopia,0.84,0.41,0.48,66.60,62.70,7.90,8.80,1.50,3.70,1161.00,1886.00,0.45,64.60,8.40,2.60,1523.00,5.00,174.00,2011D,0.54,88.20,79.30,60.90,6.70,67.00,27.40,25.20,47.40,29.60,33.50,2011.00,95726695.65,85404642.62,39984181570.00,26595865977.00,10322053.03,13388315593.00,13377993540.00,12.09,50.34,38.25,2.00,99.00,151.00,0.00,31.23
Fiji,NA,NA,NA,73.40,67.30,NA,NA,10.90,10.20,4695.00,11676.00,0.74,70.20,15.30,10.50,8245.00,20.00,91.00,NA,NA,NA,NA,NA,NA,NA,NA,NA,NA,NA,NA,NA,2927679.77,1964426.67,3486033014.00,3050380075.00,963253.10,435652939.00,434689685.90,49.03,14.28,-34.75,153.00,154.00,73.00,0.00,25.51
Finland,1.00,0.90,0.90,83.80,78.20,17.60,16.50,11.50,11.10,32069.00,45882.00,0.90,81.00,17.00,11.20,38868.00,1.00,23.00,NA,NA,NA,NA,NA,NA,NA,NA,NA,NA,NA,NA,NA,36725584.29,35157018.24,249000000000.00,241000000000.00,1568566.05,8050000000.00,8044431434.00,4.46,3.34,-1.12,124.00,67.00,24.00,0.00,63.91
France,0.99,0.89,0.90,85.20,79.40,16.60,15.90,11.50,11.80,31742.00,44776.00,0.90,82.40,16.30,11.60,38085.00,4.00,22.00,NA,NA,NA,NA,NA,NA,NA,NA,NA,NA,NA,NA,NA,323422024.50,343227524.20,2720000000000.00,2600000000000.00,-19805499.71,127000000000.00,127000000000.00,-5.77,4.88,10.65,66.00,25.00,30.00,1.00,451.37
Gabon,0.92,0.67,0.73,65.70,64.10,12.50,12.70,7.30,9.00,15838.00,22177.00,0.70,64.90,12.60,8.10,19044.00,-46.00,109.00,2012D,0.07,16.70,270.00,43.40,19.90,4.40,15.20,43.80,40.90,32.70,8.00,2012.00,NA,NA,NA,NA,NA,NA,NA,NA,NA,NA,NA,NA,NA,NA,NA
Gambia,0.88,0.43,0.48,61.90,59.10,8.70,9.60,2.60,4.20,1296.00,1790.00,0.45,60.50,8.90,3.30,1541.00,3.00,173.00,2013D,0.29,57.20,1.07,50.50,21.30,31.70,32.90,30.90,36.20,48.40,NA,2013.00,1715254.39,1975427.52,1010735774.00,894092762.50,-260173.14,116643011.50,116903184.60,-13.17,13.05,26.22,19.00,8.00,67.00,1.00,25.12
Georgia,0.97,0.75,0.78,78.50,71.30,14.10,13.70,12.30,12.20,6105.00,11871.00,0.77,75.00,13.90,12.20,8856.00,38.00,71.00,2005M,0.01,2.20,99.00,37.60,4.10,0.10,7.40,67.40,25.20,14.80,9.80,2005.00,7057686.71,6159381.97,13721005523.00,10953604844.00,898304.74,2767400679.00,2766502374.00,14.58,25.26,10.68,65.00,104.00,115.00,0.00,27.11
Germany,0.96,0.91,0.94,83.40,78.70,16.90,17.30,12.90,13.60,35878.00,54440.00,0.93,81.10,17.10,13.20,45000.00,13.00,4.00,NA,NA,NA,NA,NA,NA,NA,NA,NA,NA,NA,NA,NA,439951136.60,424944420.60,3580000000000.00,3280000000000.00,15006715.98,294000000000.00,294000000000.00,3.53,8.95,5.42,93.00,62.00,46.00,0.00,585.23
Ghana,0.90,0.55,0.61,62.50,60.50,11.10,11.70,5.80,7.90,3200.00,4484.00,0.58,61.50,11.50,6.90,3839.00,5.00,140.00,2014D,0.15,32.40,8.69,45.40,20.50,11.10,27.20,31.50,41.20,24.20,25.20,2014.00,50246042.94,43284567.08,43036444041.00,29819138460.00,6961475.86,13217305581.00,13210344105.00,16.08,44.32,28.24,14.00,112.00,150.00,0.00,31.71
Greece,0.96,0.84,0.88,84.00,78.20,17.10,17.30,10.30,10.80,17304.00,32683.00,0.87,81.10,17.20,10.50,24808.00,16.00,29.00,NA,NA,NA,NA,NA,NA,NA,NA,NA,NA,NA,NA,NA,46510880.11,63928319.11,244000000000.00,317000000000.00,-17417438.99,-72700000000.00,-72711582561.00,-27.25,-22.96,4.28,95.00,2.00,2.00,0.00,63.18
Grenada,NA,NA,NA,76.00,71.10,16.20,15.30,NA,NA,,,0.75,73.60,15.80,8.60,11502.00,13.00,80.00,NA,NA,NA,NA,NA,NA,NA,NA,NA,NA,NA,NA,NA,323040.57,294419.46,786001370.80,774978091.90,28621.11,11023278.90,10994657.79,9.72,1.42,-8.30,139.00,89.00,16.00,0.00,25.09
Guatemala,0.96,0.62,0.65,75.60,68.50,10.50,11.00,6.30,6.30,5132.00,9081.00,0.64,72.10,10.70,6.30,7063.00,-4.00,126.00,NA,NA,NA,NA,NA,NA,NA,NA,NA,NA,NA,NA,NA,26630100.55,23824482.61,45977071712.00,40185230155.00,2805617.94,5791841557.00,5789035939.00,11.78,14.41,2.64,107.00,97.00,74.00,0.00,32.17
Guinea,0.78,0.36,0.46,59.70,58.70,7.50,10.10,1.50,3.90,848.00,1267.00,0.41,59.20,8.80,2.60,1058.00,4.00,182.00,2012D/M,0.43,73.80,8.59,57.60,12.70,49.80,36.60,22.80,40.60,55.20,35.30,2012/,16414724.49,15112892.79,5232815182.00,4645999835.00,1301831.70,586815347.00,585513515.30,8.61,12.63,4.02,99.00,84.00,64.00,0.00,25.78
Guinea-Bissau,NA,NA,NA,57.30,53.70,NA,NA,NA,NA,1139.00,1603.00,0.42,55.50,9.20,2.90,1369.00,3.00,179.00,2006M,0.50,80.40,1.20,61.60,10.50,58.40,30.50,27.90,41.60,69.30,67.10,2006.00,2298634.74,2351332.48,916146733.40,810416063.80,-52697.74,105730669.60,105783367.30,-2.24,13.05,15.29,48.00,38.00,68.00,1.00,25.11
Guyana,0.94,0.62,0.65,68.90,64.20,10.50,10.20,8.50,8.40,4346.00,9397.00,0.64,66.50,10.30,8.40,6884.00,-5.00,125.00,2009D,0.03,7.80,59.00,40.00,18.80,1.20,16.80,51.20,32.00,NA,NA,2009.00,2523984.94,2044694.34,2627239853.00,2164673351.00,479290.60,462566502.00,462087211.40,23.44,21.37,-2.07,128.00,139.00,105.00,0.00,25.38
Haiti,NA,NA,NA,65.30,61.00,NA,NA,3.90,6.60,1370.00,1950.00,0.49,63.10,9.10,5.20,1657.00,9.00,164.00,2012D,0.24,50.20,5.16,48.10,22.20,20.10,24.80,23.40,51.80,58.50,53.90,2012.00,6333810.59,6024645.82,7494399817.00,7007815292.00,309164.77,486584525.00,486275360.20,5.13,6.94,1.81,110.00,69.00,36.00,0.00,26.14
Honduras,0.94,0.60,0.64,75.90,70.90,11.60,10.90,6.20,6.10,2680.00,6254.00,0.63,73.30,11.20,6.20,4466.00,11.00,130.00,2011/2012D,0.10,20.70,1.60,47.40,28.60,7.20,36.60,23.10,40.30,62.80,16.00,2011/2012,13396845.52,13340399.30,17482092985.00,15163860003.00,56446.22,2318232982.00,2318176536.00,0.42,15.29,14.86,49.00,47.00,76.00,0.00,27.70
"Hong Kong, China (SAR)",0.96,0.90,0.94,87.00,81.40,15.80,15.50,11.50,12.40,39525.00,70921.00,0.92,84.20,15.70,11.60,54265.00,-2.00,12.00,NA,NA,NA,NA,NA,NA,NA,NA,NA,NA,NA,NA,NA,NA,NA,NA,NA,NA,NA,NA,NA,NA,NA,NA,NA,NA,NA,NA
Hungary,0.99,0.83,0.84,78.80,71.60,16.00,15.20,12.00,12.10,17787.00,29567.00,0.84,75.30,15.60,12.00,23394.00,6.00,43.00,NA,NA,NA,NA,NA,NA,NA,NA,NA,NA,NA,NA,NA,32381414.13,33681433.15,133000000000.00,129000000000.00,-1300019.02,3780000000.00,3780300019.00,-3.86,2.92,6.78,87.00,30.00,21.00,1.00,45.82
Iceland,0.97,0.91,0.94,84.20,81.20,20.10,17.90,12.20,12.60,30530.00,43576.00,0.92,82.70,19.00,12.20,37065.00,20.00,9.00,NA,NA,NA,NA,NA,NA,NA,NA,NA,NA,NA,NA,NA,NA,NA,NA,NA,NA,NA,NA,NA,NA,NA,NA,NA,NA,NA,NA
India,0.82,0.55,0.67,69.90,66.90,11.90,11.30,4.80,8.20,2184.00,8897.00,0.62,68.30,11.70,6.30,5663.00,-4.00,131.00,2005/2006D,0.28,55.30,642.39,51.10,18.20,27.80,22.70,32.50,44.80,21.90,21.20,2005/2006,1360535262.00,1195909973.00,1990000000000.00,1500000000000.00,164625288.80,487000000000.00,487000000000.00,13.77,32.43,18.66,37.00,103.00,136.00,0.00,336.58
Indonesia,0.93,0.66,0.71,71.20,67.00,12.90,12.90,7.40,8.50,6668.00,13391.00,0.69,69.10,12.90,7.90,10053.00,-8.00,113.00,2012D,0.02,5.90,14.64,41.30,8.10,1.10,24.70,35.10,40.20,11.30,8.30,2012.00,363759395.50,339496620.00,897000000000.00,711000000000.00,24262775.50,186000000000.00,186000000000.00,7.15,26.22,19.08,34.00,75.00,117.00,0.00,165.49
Iran (Islamic Republic of),0.86,0.70,0.81,76.70,74.50,14.60,15.00,8.50,9.10,5132.00,27499.00,0.77,75.60,14.80,8.80,16395.00,-2.00,68.00,NA,NA,NA,NA,NA,NA,NA,NA,NA,NA,NA,NA,NA,231761935.10,226085992.70,445000000000.00,439000000000.00,5675942.32,5670000000.00,5666324058.00,2.51,1.29,-1.22,125.00,57.00,15.00,0.00,94.60
Iraq,0.80,0.57,0.71,71.80,67.40,9.70,11.50,5.40,7.80,3552.00,19467.00,0.65,69.60,10.10,6.60,11608.00,-30.00,121.00,2011M,0.05,13.30,4.24,39.40,7.40,2.50,50.10,38.60,11.30,18.90,NA,2011.00,64839766.48,48653218.64,181000000000.00,130000000000.00,16186547.84,50700000000.00,50687813452.00,33.27,38.95,5.68,92.00,152.00,147.00,0.00,53.30
Ireland,0.98,0.91,0.93,83.10,79.00,18.60,18.60,12.50,11.90,33497.00,54135.00,0.92,81.10,18.60,12.30,43798.00,11.00,8.00,NA,NA,NA,NA,NA,NA,NA,NA,NA,NA,NA,NA,NA,22439331.47,23961886.44,221000000000.00,217000000000.00,-1522554.98,4290000000.00,4287522555.00,-6.35,1.98,8.33,79.00,23.00,18.00,1.00,59.61
Israel,0.97,0.88,0.91,84.20,80.80,16.50,15.50,12.80,12.70,23323.00,39239.00,0.90,82.60,16.00,12.80,31215.00,16.00,19.00,NA,NA,NA,NA,NA,NA,NA,NA,NA,NA,NA,NA,NA,46581900.09,37628978.48,262000000000.00,222000000000.00,8952921.60,40900000000.00,40899047078.00,23.79,18.47,-5.33,133.00,142.00,91.00,0.00,66.07
Italy,0.96,0.87,0.90,85.70,80.90,16.70,15.90,10.50,11.00,22910.00,44844.00,0.89,83.30,16.30,10.90,33573.00,6.00,27.00,NA,NA,NA,NA,NA,NA,NA,NA,NA,NA,NA,NA,NA,269332703.40,303803797.40,2040000000000.00,2090000000000.00,-34471094.01,-48700000000.00,-48615528906.00,-11.35,-2.33,9.02,75.00,12.00,9.00,0.00,344.67
Jamaica,0.98,0.72,0.74,78.20,73.50,13.10,12.60,9.70,9.60,6628.00,10086.00,0.73,75.80,12.80,9.60,8350.00,16.00,94.00,2012N,0.01,2.70,76.00,40.50,9.60,0.50,8.80,52.00,39.20,19.90,1.70,2012.00,5237173.71,4133274.64,13404030752.00,13388911184.00,1103899.07,15119568.00,14015668.93,26.71,0.11,-26.59,149.00,145.00,11.00,0.00,27.06
Japan,0.97,0.89,0.91,86.90,80.40,15.20,15.50,12.60,12.40,25385.00,49818.00,0.90,83.70,15.30,12.50,37268.00,10.00,17.00,NA,NA,NA,NA,NA,NA,NA,NA,NA,NA,NA,NA,NA,633212871.70,585433231.00,5890000000000.00,5470000000000.00,47779640.78,423000000000.00,423000000000.00,8.16,7.74,-0.42,121.00,81.00,41.00,0.00,948.12
Jordan,0.86,0.67,0.78,75.90,72.60,13.40,12.90,9.70,10.70,3203.00,16694.00,0.74,74.20,13.10,10.10,10111.00,15.00,85.00,2012D,0.00,1.20,85.00,35.30,1.00,0.10,31.50,65.00,3.50,14.40,NA,2012.00,14819284.68,13317566.99,28607718021.00,25821963958.00,1501717.68,2785754063.00,2784252345.00,11.28,10.79,-0.49,122.00,93.00,55.00,0.00,29.45
Kazakhstan,1.01,0.80,0.79,74.30,64.80,15.40,14.60,11.70,11.70,16364.00,28226.00,0.79,69.60,15.00,11.70,22093.00,-3.00,56.00,2010/2011M,0.00,1.10,178.00,36.40,2.30,0.00,4.30,83.90,11.80,2.70,0.00,2010/2011,NA,NA,NA,NA,NA,NA,NA,NA,NA,NA,NA,NA,NA,NA,NA
Kenya,0.92,0.53,0.58,64.10,60.30,10.80,11.40,5.70,7.00,2357.00,3405.00,0.56,62.20,11.10,6.30,2881.00,10.00,147.00,2014D,0.17,36.00,16.17,46.10,32.00,10.70,12.30,32.20,55.50,45.90,33.60,2014.00,44920500.74,40997147.94,46904248573.00,36899279533.00,3923352.80,10004969040.00,10001045687.00,9.57,27.11,17.54,40.00,88.00,120.00,0.00,32.31
Kiribati,NA,NA,NA,69.50,63.00,12.30,11.50,NA,NA,,,0.59,66.20,11.90,7.80,2475.00,23.00,136.00,NA,NA,NA,NA,NA,NA,NA,NA,NA,NA,NA,NA,NA,NA,NA,NA,NA,NA,NA,NA,NA,NA,NA,NA,NA,NA,NA,NA
Korea (Republic of),0.93,0.86,0.93,85.20,78.80,15.80,17.30,11.50,12.90,21308.00,47934.00,0.90,82.10,16.60,12.20,34541.00,12.00,18.00,NA,NA,NA,NA,NA,NA,NA,NA,NA,NA,NA,NA,NA,291752674.20,269778293.30,1190000000000.00,1030000000000.00,21974380.91,167000000000.00,167000000000.00,8.15,16.22,8.07,80.00,80.00,80.00,0.00,212.04
Kuwait,0.97,0.77,0.79,75.90,73.60,13.60,12.40,7.40,6.90,35164.00,107991.00,0.80,74.50,13.30,7.30,76075.00,-48.00,50.00,NA,NA,NA,NA,NA,NA,NA,NA,NA,NA,NA,NA,NA,NA,NA,NA,NA,NA,NA,NA,NA,NA,NA,NA,NA,NA,NA,NA
Kyrgyzstan,0.97,0.65,0.67,74.80,66.80,13.30,12.70,10.90,10.70,2123.00,4090.00,0.66,70.80,13.00,10.80,3097.00,32.00,120.00,2014M,0.01,2.20,127.00,36.30,6.50,0.00,13.00,73.50,13.50,32.10,1.30,2014.00,NA,NA,NA,NA,NA,NA,NA,NA,NA,NA,NA,NA,NA,NA,NA
Lao People's Democratic Republic,0.92,0.56,0.61,68.00,65.20,10.40,11.20,4.50,5.60,4408.00,5696.00,0.59,66.60,10.80,5.20,5049.00,-2.00,137.00,2011/2012M,0.19,36.80,2.38,50.50,18.50,18.80,37.70,25.40,36.90,23.20,16.70,2011/2012,9633377.86,7672255.82,9023960565.00,6567765473.00,1961122.04,2456195092.00,2454233970.00,25.56,37.40,11.84,64.00,144.00,145.00,0.00,26.38
Latvia,1.03,0.84,0.82,79.00,69.30,16.60,15.50,12.00,11.60,18824.00,27031.00,0.83,74.30,16.00,11.70,22589.00,7.00,44.00,NA,NA,NA,NA,NA,NA,NA,NA,NA,NA,NA,NA,NA,13131644.89,11301153.17,27011449391.00,24701165872.00,1830491.71,2310283519.00,2308453027.00,16.20,9.35,-6.84,138.00,114.00,49.00,0.00,29.20
Lebanon,0.89,0.71,0.79,81.50,77.90,13.00,13.60,8.30,8.70,5844.00,20712.00,0.76,79.50,13.30,8.60,13312.00,8.00,74.00,NA,NA,NA,NA,NA,NA,NA,NA,NA,NA,NA,NA,NA,17872523.29,17782470.76,39972859919.00,35207296849.00,90052.53,4765563070.00,4765473017.00,0.51,13.54,13.03,53.00,48.00,71.00,0.00,31.23
Lesotho,0.96,0.49,0.51,50.00,49.90,11.20,10.30,7.00,5.30,2631.00,4020.00,0.50,50.10,10.70,6.10,3319.00,-12.00,161.00,2009D,0.23,49.50,984.00,45.90,20.40,18.20,14.80,33.80,51.40,57.10,59.70,2009.00,2976379.32,3232213.45,2754054731.00,2251474530.00,-255834.13,502580201.00,502836035.10,-7.92,22.32,30.24,13.00,18.00,106.00,1.00,25.40
Liberia,0.83,0.39,0.47,62.20,60.20,9.30,10.60,3.10,6.00,575.00,788.00,0.43,61.20,9.90,4.40,683.00,13.00,177.00,2013D,0.36,70.10,3.01,50.80,21.50,35.40,23.00,25.60,51.40,63.80,68.60,2013.00,4876851.37,4376117.75,1641989954.00,1218376790.00,500733.62,423613164.00,423112430.40,11.44,34.77,23.33,23.00,95.00,142.00,0.00,25.22
Libya,0.95,0.69,0.73,74.80,69.00,13.60,13.20,7.70,7.00,7163.00,21364.00,0.72,71.80,13.40,7.30,14303.00,-25.00,100.00,2007P,0.01,1.40,82.00,37.50,6.30,0.10,31.90,47.90,20.20,NA,NA,2007.00,NA,NA,NA,NA,NA,NA,NA,NA,NA,NA,NA,NA,NA,NA,NA
Liechtenstein,NA,NA,NA,NA,NA,13.50,15.90,NA,NA,,,0.91,80.20,14.60,12.40,75065.00,-11.00,14.00,NA,NA,NA,NA,NA,NA,NA,NA,NA,NA,NA,NA,NA,NA,NA,NA,NA,NA,NA,NA,NA,NA,NA,NA,NA,NA,NA,NA
Lithuania,1.03,0.86,0.83,79.10,67.90,17.10,16.00,12.70,12.70,22147.00,30530.00,0.85,73.50,16.50,12.70,26006.00,7.00,37.00,NA,NA,NA,NA,NA,NA,NA,NA,NA,NA,NA,NA,NA,18324727.42,14614025.02,42336907128.00,36533481055.00,3710702.40,5803426073.00,5799715371.00,25.39,15.89,-9.51,141.00,143.00,78.00,0.00,31.60
Luxembourg,0.97,0.88,0.91,84.10,79.60,14.00,13.70,11.60,12.30,47539.00,77291.00,0.90,81.90,13.90,12.00,62471.00,-12.00,20.00,NA,NA,NA,NA,NA,NA,NA,NA,NA,NA,NA,NA,NA,7133413.07,6907213.06,55554172185.00,49539470199.00,226200.01,6014701986.00,6014475786.00,3.27,12.14,8.87,76.00,59.00,62.00,0.00,33.67
Madagascar,0.95,0.50,0.53,67.00,64.00,10.20,10.50,6.70,6.10,1091.00,1549.00,0.51,65.50,10.30,6.10,1320.00,25.00,157.00,2008/2009D,0.42,77.00,15.77,54.60,11.70,48.00,31.60,24.50,43.90,75.30,77.80,2008/2009,21805557.68,21084627.39,9330835549.00,8707027002.00,720930.29,623808547.00,623087616.70,3.42,7.16,3.75,101.00,60.00,38.00,0.00,26.43
Malawi,0.92,0.46,0.50,64.80,62.90,10.70,10.80,3.80,5.00,972.00,1175.00,0.48,63.90,10.80,4.40,1073.00,16.00,170.00,2013/2014M,0.27,56.10,9.37,48.60,27.20,24.30,19.30,27.20,53.50,50.70,70.90,2013/2014,13342429.22,11391973.10,7819248708.00,6509956216.00,1950456.12,1309292492.00,1307342036.00,17.12,20.11,2.99,106.00,118.00,98.00,0.00,26.19
Malaysia,NA,NA,NA,77.30,72.60,NA,NA,10.00,10.80,17170.00,32208.00,0.79,74.90,13.10,10.10,24620.00,-13.00,59.00,NA,NA,NA,NA,NA,NA,NA,NA,NA,NA,NA,NA,NA,124168292.20,100852163.80,297000000000.00,238000000000.00,23316128.44,58100000000.00,58107683872.00,23.12,24.39,1.27,114.00,138.00,114.00,0.00,71.40
Maldives,0.94,0.68,0.72,78.00,76.00,12.80,12.70,6.20,6.30,7155.00,13591.00,0.70,77.00,12.70,6.20,10383.00,-8.00,105.00,2009D,0.01,2.00,7.00,37.50,8.50,0.10,27.80,60.20,11.90,15.70,7.30,2009.00,NA,NA,NA,NA,NA,NA,NA,NA,NA,NA,NA,NA,NA,NA,NA
Mali,0.79,0.39,0.49,58.30,58.60,7.50,9.40,1.70,3.00,1349.00,3071.00,0.44,58.50,8.40,2.30,2218.00,-9.00,175.00,2012/2013D,0.46,78.40,13.01,58.20,10.80,55.90,37.90,22.40,39.70,43.60,49.30,2012/2013,21590256.53,22133379.16,11184422458.00,10130347923.00,-543122.63,1054074535.00,1054617658.00,-2.45,10.41,12.86,55.00,36.00,53.00,1.00,26.72
Malta,0.92,0.82,0.89,82.40,79.00,14.30,15.00,10.90,11.60,17295.00,41802.00,0.86,80.70,14.60,11.30,29500.00,3.00,35.00,NA,NA,NA,NA,NA,NA,NA,NA,NA,NA,NA,NA,NA,NA,NA,NA,NA,NA,NA,NA,NA,NA,NA,NA,NA,NA,NA,NA
Mauritania,0.82,0.45,0.56,64.70,61.70,8.40,8.50,3.30,5.40,1608.00,5422.00,0.51,63.20,8.50,4.30,3527.00,-12.00,155.00,2011M,0.29,55.60,2.05,52.40,16.80,29.90,34.50,20.30,45.30,42.00,5.90,2011.00,9412264.15,8160246.22,5097687376.00,4140153157.00,1252017.93,957534219.00,956282201.10,15.34,23.13,7.79,82.00,109.00,110.00,0.00,25.76
Mauritius,0.95,0.76,0.80,78.20,71.10,15.50,14.80,8.80,9.50,10540.00,25539.00,0.78,74.60,15.20,9.10,17948.00,1.00,64.00,NA,NA,NA,NA,NA,NA,NA,NA,NA,NA,NA,NA,NA,4211635.02,3971349.93,11137678212.00,9584152843.00,240285.09,1553525369.00,1553285084.00,6.05,16.21,10.16,71.00,74.00,79.00,0.00,26.71
Mexico,0.95,0.74,0.78,79.40,74.60,13.50,13.10,8.20,8.60,10710.00,22115.00,0.76,77.00,13.30,8.60,16383.00,-9.00,77.00,2012N,0.02,6.00,7.35,39.90,10.10,1.10,31.40,25.60,43.00,53.20,3.00,2012.00,316517298.80,326333302.20,1150000000000.00,1000000000000.00,-9816003.42,153000000000.00,153000000000.00,-3.01,15.30,18.31,38.00,33.00,77.00,1.00,205.56
Micronesia (Federated States of),NA,NA,NA,70.30,68.20,NA,NA,NA,NA,,,0.64,69.30,11.70,9.70,3291.00,22.00,126.00,NA,NA,NA,NA,NA,NA,NA,NA,NA,NA,NA,NA,NA,NA,NA,NA,NA,NA,NA,NA,NA,NA,NA,NA,NA,NA,NA,NA
Moldova (Republic of),1.01,0.70,0.70,75.90,67.60,12.10,11.60,12.00,11.80,4461.00,5637.00,0.70,71.70,11.80,11.90,5026.00,31.00,105.00,2012M,0.00,1.10,44.00,38.40,2.20,0.10,11.00,66.90,22.10,11.40,0.00,2012.00,NA,NA,NA,NA,NA,NA,NA,NA,NA,NA,NA,NA,NA,NA,NA
Mongolia,1.03,0.74,0.73,74.20,65.60,15.50,14.20,10.00,9.50,8809.00,12122.00,0.74,69.80,14.80,9.80,10449.00,4.00,93.00,2010M,0.05,11.10,302.00,42.50,19.30,2.30,18.10,27.70,54.20,21.60,0.20,2010.00,21380936.89,17419751.33,10574804920.00,6759244981.00,3961185.56,3815559939.00,3811598753.00,22.74,56.45,33.71,7.00,137.00,154.00,0.00,26.62
Montenegro,0.96,0.79,0.83,78.60,74.20,15.70,15.00,10.70,12.00,11757.00,19149.00,0.81,76.40,15.10,11.30,15410.00,24.00,49.00,2013M,0.00,0.50,3.00,38.90,2.00,0.00,22.00,59.90,18.10,8.60,0.00,2013.00,2270989.14,2141877.82,4303726737.00,4039451560.00,129111.33,264275177.00,264146065.70,6.03,6.54,0.51,116.00,73.00,34.00,0.00,25.64
Morocco,0.83,0.58,0.70,75.30,73.30,11.50,12.60,3.80,6.40,3388.00,11091.00,0.65,74.30,12.10,5.00,7195.00,-4.00,123.00,2011P,0.07,15.60,5.09,44.30,12.60,4.90,44.80,21.80,33.40,8.90,3.10,2011.00,56761318.72,56764179.29,106000000000.00,89790590993.00,-2860.57,15852409007.00,15852411868.00,-0.01,17.65,17.66,39.00,45.00,87.00,1.00,41.51
Mozambique,0.88,0.39,0.44,56.80,54.00,8.60,9.50,2.50,4.60,1016.00,1184.00,0.42,55.50,9.10,3.50,1098.00,4.00,182.00,2011D,0.39,70.20,17.55,55.60,14.80,44.10,30.40,22.30,47.30,54.70,68.70,2011.00,22204123.85,18641696.16,12492636703.00,9517718743.00,3562427.69,2974917960.00,2971355532.00,19.11,31.26,12.15,61.00,127.00,130.00,0.00,26.92
Myanmar,NA,NA,NA,68.20,64.00,NA,NA,4.90,4.90,4182.00,5740.00,0.56,66.10,9.10,4.70,4943.00,-6.00,146.00,NA,NA,NA,NA,NA,NA,NA,NA,NA,NA,NA,NA,NA,76533872.04,79259177.48,60877582017.00,45187272895.00,-2725305.44,15690309122.00,15693034427.00,-3.44,34.72,38.16,3.00,31.00,141.00,1.00,34.50
Namibia,0.99,0.64,0.64,67.50,62.50,11.80,11.50,6.90,6.50,7971.00,11667.00,0.64,65.10,11.70,6.70,9770.00,-18.00,126.00,2013D,0.21,44.90,1.05,45.50,19.30,13.40,11.00,39.20,49.80,28.70,22.60,2013.00,NA,NA,NA,NA,NA,NA,NA,NA,NA,NA,NA,NA,NA,NA,NA
Nepal,0.93,0.54,0.58,71.50,68.60,12.70,12.20,3.20,5.00,1979.00,2718.00,0.56,70.00,12.20,4.10,2337.00,19.00,144.00,2014M,0.12,26.60,7.49,43.70,14.40,9.30,32.20,25.60,42.20,25.20,15.00,2014.00,25927161.10,22529911.50,18057549556.00,15267319043.00,3397249.60,2790230513.00,2786833263.00,15.08,18.28,3.20,105.00,106.00,90.00,0.00,27.79
Netherlands,0.95,0.90,0.95,83.50,79.90,18.20,18.10,11.60,12.20,30117.00,62773.00,0.92,81.70,18.10,11.90,46326.00,8.00,6.00,NA,NA,NA,NA,NA,NA,NA,NA,NA,NA,NA,NA,NA,97430716.40,94448545.62,840000000000.00,825000000000.00,2982170.78,14900000000.00,14892017829.00,3.16,1.81,-1.35,126.00,58.00,17.00,0.00,156.49
New Zealand,0.96,0.90,0.93,83.70,80.30,20.00,18.50,12.60,12.50,24413.00,41718.00,0.92,82.00,19.20,12.50,32870.00,20.00,13.00,NA,NA,NA,NA,NA,NA,NA,NA,NA,NA,NA,NA,NA,22832080.24,20433767.06,158000000000.00,145000000000.00,2398313.18,13300000000.00,13324601687.00,11.74,9.22,-2.52,130.00,96.00,48.00,0.00,49.70
Nicaragua,0.96,0.63,0.65,78.20,72.20,11.90,11.40,6.80,6.40,3150.00,6389.00,0.65,75.20,11.70,6.50,4747.00,16.00,124.00,2011/2012D,0.09,19.40,1.13,45.60,14.80,6.90,37.80,12.60,49.60,29.60,6.20,2011/2012,8530623.66,8444618.63,10249669824.00,8470978895.00,86005.02,1778690929.00,1778604924.00,1.02,21.00,19.98,32.00,53.00,104.00,0.00,26.57
Niger,0.73,0.29,0.40,62.90,61.10,4.70,5.90,1.10,2.30,481.00,1292.00,0.35,61.90,5.40,1.70,889.00,1.00,187.00,2012D,0.58,89.80,15.84,65.00,5.90,73.50,35.90,24.00,40.00,48.90,45.70,2012.00,27445707.48,22661668.93,6886614682.00,5276949262.00,4784038.55,1609665420.00,1604881381.00,21.11,30.50,9.39,73.00,131.00,127.00,0.00,26.04
Nigeria,0.85,0.48,0.57,53.40,52.70,9.20,10.80,4.90,7.10,4132.00,6706.00,0.53,53.10,10.00,6.00,5443.00,-23.00,151.00,2013D,0.28,50.90,88.02,54.80,18.40,30.00,29.80,29.80,40.40,46.00,53.50,2013.00,185014072.80,178735635.50,425000000000.00,342000000000.00,6278437.27,83200000000.00,83201721563.00,3.51,24.31,20.80,28.00,61.00,113.00,0.00,91.60
Norway,0.99,0.94,0.95,83.70,79.70,18.30,17.10,12.80,12.70,59800.00,75314.00,0.95,81.70,17.70,12.70,67614.00,5.00,1.00,NA,NA,NA,NA,NA,NA,NA,NA,NA,NA,NA,NA,NA,29304080.01,28695475.12,449000000000.00,426000000000.00,608604.89,23000000000.00,23048391395.00,2.12,5.41,3.29,104.00,56.00,31.00,0.00,95.29
Oman,0.93,0.76,0.81,79.40,75.30,13.90,13.60,7.70,8.50,15703.00,43894.00,0.80,77.00,13.70,8.10,34402.00,-21.00,53.00,NA,NA,NA,NA,NA,NA,NA,NA,NA,NA,NA,NA,NA,22137212.66,16328716.25,66176853056.00,55953966190.00,5808496.41,10222886866.00,10217078370.00,35.57,18.27,-17.30,148.00,153.00,89.00,0.00,35.33
Pakistan,0.74,0.45,0.61,67.40,65.40,7.40,8.80,3.70,6.50,1498.00,8376.00,0.55,66.40,8.10,5.10,5031.00,-10.00,148.00,2012/2013D,0.24,45.60,82.61,52.00,14.90,26.50,36.20,32.30,31.60,29.50,6.10,2012/2013,132093582.10,142618735.10,197000000000.00,175000000000.00,-10525153.07,22400000000.00,22378525153.00,-7.38,12.81,20.19,31.00,20.00,65.00,1.00,55.81
Palau,NA,NA,NA,NA,NA,17.60,13.70,NA,NA,,,0.79,72.90,14.30,12.30,13771.00,21.00,62.00,NA,NA,NA,NA,NA,NA,NA,NA,NA,NA,NA,NA,NA,NA,NA,NA,NA,NA,NA,NA,NA,NA,NA,NA,NA,NA,NA,NA
"Palestine, State of",0.87,0.62,0.71,75.10,71.10,13.70,12.10,8.60,9.30,1766.00,8651.00,0.68,73.10,12.80,8.90,5256.00,21.00,115.00,2014M,0.01,1.40,65.00,38.20,5.40,0.20,20.80,67.80,11.50,25.80,0.10,2014.00,NA,NA,NA,NA,NA,NA,NA,NA,NA,NA,NA,NA,NA,NA,NA
Panama,1.00,0.78,0.79,80.90,74.80,13.20,12.40,10.30,9.50,14550.00,24365.00,0.79,77.80,13.00,9.90,19470.00,0.00,60.00,NA,NA,NA,NA,NA,NA,NA,NA,NA,NA,NA,NA,NA,10699325.15,10115993.09,37655354226.00,27340384382.00,583332.07,10314969844.00,10314386512.00,5.77,37.73,31.96,11.00,70.00,146.00,0.00,30.86
Papua New Guinea,NA,NA,NA,65.00,60.70,NA,NA,3.70,5.30,2362.00,3047.00,0.52,62.80,9.90,4.30,2712.00,4.00,153.00,NA,NA,NA,NA,NA,NA,NA,NA,NA,NA,NA,NA,NA,11059020.65,12417349.91,12265958484.00,9023602246.00,-1358329.26,3242356238.00,3243714567.00,-10.94,35.93,46.87,1.00,13.00,143.00,1.00,26.89
Paraguay,0.97,0.68,0.70,75.20,70.90,12.60,12.00,8.10,8.20,6138.00,10165.00,0.69,73.00,12.30,8.10,8182.00,3.00,110.00,NA,NA,NA,NA,NA,NA,NA,NA,NA,NA,NA,NA,NA,25936804.83,21158214.15,23538668873.00,17711553670.00,4778590.68,5827115203.00,5822336612.00,22.59,32.90,10.32,69.00,136.00,138.00,0.00,28.65
Peru,0.96,0.72,0.75,77.50,72.20,13.50,13.20,8.40,9.50,8939.00,13655.00,0.74,74.80,13.40,9.00,11295.00,6.00,89.00,2012D,0.04,10.40,3.15,41.40,12.30,2.10,19.40,29.80,50.80,21.80,3.10,2012.00,71636851.41,61740393.90,176000000000.00,136000000000.00,9896457.51,40000000000.00,40037103542.00,16.03,29.41,13.39,51.00,111.00,123.00,0.00,52.56
Philippines,1.00,0.68,0.68,71.90,65.00,12.10,11.40,9.50,9.20,6845.00,9917.00,0.68,68.30,11.70,9.30,8395.00,-7.00,114.00,2013D,0.03,6.30,6.17,51.90,8.40,4.20,35.30,30.20,34.50,25.20,13.10,2013.00,98248271.50,108766519.30,236000000000.00,185000000000.00,-10518247.79,50900000000.00,50888518248.00,-9.67,27.44,37.11,4.00,15.00,121.00,1.00,61.98
Poland,1.01,0.86,0.85,81.50,73.60,17.20,15.50,11.90,12.00,18928.00,29658.00,0.86,77.60,16.40,11.90,24117.00,11.00,36.00,NA,NA,NA,NA,NA,NA,NA,NA,NA,NA,NA,NA,NA,164997714.90,177067801.70,519000000000.00,463000000000.00,-12070086.74,55900000000.00,55946070087.00,-6.82,12.09,18.91,35.00,21.00,61.00,1.00,106.18
Portugal,0.98,0.83,0.85,84.00,78.20,16.50,16.60,8.90,8.90,21095.00,31673.00,0.84,81.20,16.60,8.90,26104.00,2.00,41.00,NA,NA,NA,NA,NA,NA,NA,NA,NA,NA,NA,NA,NA,40486481.89,47930963.64,222000000000.00,234000000000.00,-7444481.75,-11900000000.00,-11867555518.00,-15.53,-5.08,10.45,68.00,5.00,7.00,0.00,59.73
Qatar,0.99,0.85,0.86,80.10,77.50,13.50,13.30,10.90,9.50,50324.00,159897.00,0.86,78.30,13.40,9.80,129916.00,-32.00,33.00,NA,NA,NA,NA,NA,NA,NA,NA,NA,NA,NA,NA,NA,NA,NA,NA,NA,NA,NA,NA,NA,NA,NA,NA,NA,NA,NA,NA
Romania,0.99,0.80,0.81,78.40,71.30,15.10,14.40,10.30,11.00,16272.00,22786.00,0.80,74.80,14.70,10.80,19428.00,11.00,51.00,NA,NA,NA,NA,NA,NA,NA,NA,NA,NA,NA,NA,NA,51995075.45,59095376.44,177000000000.00,169000000000.00,-7100300.99,7550000000.00,7552100301.00,-12.01,4.46,16.47,42.00,11.00,27.00,1.00,52.67
Russian Federation,1.02,0.81,0.80,75.90,64.60,15.30,14.70,12.00,12.10,17868.00,29531.00,0.80,70.30,15.00,12.00,23286.00,1.00,48.00,NA,NA,NA,NA,NA,NA,NA,NA,NA,NA,NA,NA,NA,820211113.50,748921356.80,1670000000000.00,1460000000000.00,71289756.66,208000000000.00,208000000000.00,9.52,14.24,4.72,94.00,87.00,72.00,0.00,286.04
Rwanda,0.99,0.49,0.50,67.40,61.80,11.40,9.30,3.30,4.40,1428.00,1822.00,0.50,64.70,10.80,3.80,1617.00,14.00,162.00,2014/2015D,0.25,53.90,6.26,47.00,25.00,20.50,28.60,18.40,53.00,44.90,60.40,2014/2015,9685790.00,8614010.62,6999339475.00,5310229469.00,1071779.38,1689110006.00,1688038227.00,12.44,31.81,19.37,33.00,100.00,132.00,0.00,26.06
Saint Kitts and Nevis,NA,NA,NA,NA,NA,13.80,13.50,NA,NA,,,0.77,74.00,13.70,8.40,22436.00,-22.00,75.00,NA,NA,NA,NA,NA,NA,NA,NA,NA,NA,NA,NA,NA,239947.90,203966.43,762224674.60,721236727.80,35981.47,40987946.80,40951965.33,17.64,5.68,-11.96,144.00,120.00,32.00,0.00,25.08
Saint Lucia,0.99,0.73,0.74,78.00,72.50,13.40,12.90,9.40,9.30,8033.00,11617.00,0.74,75.20,13.10,9.30,9791.00,14.00,90.00,2012M,0.00,0.80,2.00,34.50,0.90,0.00,15.80,65.20,19.00,NA,NA,2012.00,429985.91,444026.65,1227587245.00,1263352430.00,-14040.74,-35765185.00,-35751144.26,-3.16,-2.83,0.33,118.00,32.00,8.00,0.00,25.16
Saint Vincent and the Grenadines,NA,NA,NA,75.20,71.00,13.50,13.10,NA,NA,7600.00,13095.00,0.72,73.00,13.30,8.60,10372.00,-1.00,99.00,NA,NA,NA,NA,NA,NA,NA,NA,NA,NA,NA,NA,NA,NA,NA,NA,NA,NA,NA,NA,NA,NA,NA,NA,NA,NA,NA,NA
Samoa,NA,NA,NA,77.00,70.70,13.30,12.50,NA,NA,3444.00,7182.00,0.70,73.70,12.90,10.30,5372.00,27.00,104.00,NA,NA,NA,NA,NA,NA,NA,NA,NA,NA,NA,NA,NA,442727.30,448602.62,684046231.30,653657094.70,-5875.32,30389136.60,30395011.92,-1.31,4.65,5.96,89.00,40.00,29.00,1.00,25.07
Sao Tome and Principe,0.91,0.54,0.60,68.60,64.50,12.20,11.70,4.70,5.90,2000.00,4149.00,0.57,66.60,12.00,5.30,3070.00,12.00,142.00,2008/2009D,0.22,47.50,79.00,45.50,21.50,16.40,29.10,26.50,44.40,61.70,32.30,2008/2009,295126.83,274058.30,222852291.50,185103945.10,21068.54,37748346.40,37727277.86,7.69,20.39,12.71,56.00,79.00,100.00,0.00,25.00
Saudi Arabia,0.88,0.78,0.88,75.90,73.20,15.30,17.00,9.00,10.00,19300.00,75923.00,0.85,74.40,16.10,9.60,51320.00,-26.00,38.00,NA,NA,NA,NA,NA,NA,NA,NA,NA,NA,NA,NA,NA,NA,NA,NA,NA,NA,NA,NA,NA,NA,NA,NA,NA,NA,NA,NA
Senegal,0.89,0.46,0.52,68.80,64.90,9.20,9.70,2.10,3.60,1706.00,2814.00,0.49,66.90,9.50,2.80,2250.00,3.00,163.00,2014D,0.28,51.90,7.62,53.50,18.10,30.80,43.60,23.10,33.40,46.70,38.00,2014.00,15719467.71,16814579.89,14199477561.00,12396054492.00,-1095112.18,1803423069.00,1804518181.00,-6.51,14.55,21.06,26.00,22.00,75.00,1.00,27.19
Serbia,0.97,0.76,0.79,77.90,72.20,14.80,13.90,10.30,11.40,9600.00,14932.00,0.78,75.00,14.40,10.80,12202.00,22.00,66.00,2014M,0.00,0.40,38.00,40.60,2.70,0.10,30.70,40.70,28.70,25.40,0.20,2014.00,27711358.82,27228282.28,40625727368.00,39231060777.00,483076.53,1394666591.00,1394183514.00,1.77,3.56,1.78,111.00,55.00,25.00,0.00,31.33
Seychelles,NA,NA,NA,78.20,69.10,14.80,13.50,NA,NA,,,0.78,73.30,14.10,9.40,23886.00,-15.00,63.00,NA,NA,NA,NA,NA,NA,NA,NA,NA,NA,NA,NA,NA,NA,NA,NA,NA,NA,NA,NA,NA,NA,NA,NA,NA,NA,NA,NA
Sierra Leone,0.87,0.39,0.45,51.90,50.80,9.10,10.00,2.60,4.20,1354.00,1708.00,0.42,51.30,9.50,3.30,1529.00,-1.00,176.00,2013D,0.41,77.50,4.79,53.00,14.60,43.90,25.70,28.50,45.90,52.90,52.30,2013.00,7484485.61,6360775.93,3813207065.00,2483374322.00,1123709.69,1329832743.00,1328709033.00,17.67,53.55,35.88,5.00,121.00,153.00,0.00,25.56
Singapore,0.99,0.91,0.93,86.20,80.10,15.50,15.30,11.10,12.10,60787.00,96001.00,0.93,83.20,15.40,11.60,78162.00,-3.00,4.00,NA,NA,NA,NA,NA,NA,NA,NA,NA,NA,NA,NA,NA,36748626.81,36473264.76,272000000000.00,205000000000.00,275362.04,67300000000.00,67328724638.00,0.75,32.82,32.06,10.00,51.00,137.00,0.00,67.64
Slovakia,0.99,0.84,0.85,80.00,72.70,15.50,14.40,12.00,12.30,20173.00,33770.00,0.85,76.40,15.00,12.20,26764.00,1.00,40.00,NA,NA,NA,NA,NA,NA,NA,NA,NA,NA,NA,NA,NA,NA,NA,NA,NA,NA,NA,NA,NA,NA,NA,NA,NA,NA,NA,NA
Slovenia,1.00,0.89,0.89,83.50,77.60,18.10,16.70,11.90,12.20,25654.00,31726.00,0.89,80.60,17.30,12.10,28664.00,13.00,25.00,NA,NA,NA,NA,NA,NA,NA,NA,NA,NA,NA,NA,NA,9699488.95,9925156.49,46517357748.00,47429405166.00,-225667.54,-912047418.00,-911821750.50,-2.27,-1.92,0.35,117.00,37.00,10.00,0.00,32.25
Solomon Islands,NA,NA,NA,69.60,66.70,9.10,10.10,NA,NA,1061.00,2045.00,0.52,68.10,9.60,5.30,1561.00,19.00,155.00,NA,NA,NA,NA,NA,NA,NA,NA,NA,NA,NA,NA,NA,NA,NA,NA,NA,NA,NA,NA,NA,NA,NA,NA,NA,NA,NA,NA
South Africa,0.96,0.65,0.68,59.50,55.50,13.60,12.50,10.20,10.50,8795.00,15489.00,0.67,57.70,13.00,10.30,12087.00,-30.00,119.00,2012N,0.04,10.30,5.45,39.60,17.10,1.30,8.40,61.40,30.20,53.80,16.60,2012.00,180142776.30,183202015.60,405000000000.00,364000000000.00,-3059239.29,41200000000.00,41218059239.00,-1.67,11.31,12.98,54.00,39.00,57.00,1.00,88.47
South Sudan,NA,NA,NA,57.10,55.20,3.80,6.30,4.00,5.30,,,0.42,56.10,4.90,4.80,1882.00,-12.00,179.00,2010M,0.55,89.30,8.98,61.70,8.50,69.60,39.30,14.30,46.30,50.60,42.70,2010.00,NA,NA,NA,NA,NA,NA,NA,NA,NA,NA,NA,NA,NA,NA,NA
Spain,0.97,0.87,0.89,85.40,80.00,18.00,17.40,9.60,10.00,24382.00,41500.00,0.88,82.80,17.70,9.80,32779.00,7.00,26.00,NA,NA,NA,NA,NA,NA,NA,NA,NA,NA,NA,NA,NA,187128933.60,217226969.00,1360000000000.00,1430000000000.00,-30098035.37,-74300000000.00,-74309901965.00,-13.86,-5.19,8.66,77.00,7.00,5.00,0.00,237.52
Sri Lanka,0.93,0.73,0.79,78.40,71.70,14.30,13.60,10.30,11.40,6067.00,15869.00,0.77,75.00,14.00,10.90,10789.00,21.00,72.00,NA,NA,NA,NA,NA,NA,NA,NA,NA,NA,NA,NA,NA,29373928.94,25931952.29,69395796205.00,52516077579.00,3441976.65,16879718626.00,16876276649.00,13.27,32.14,18.87,36.00,101.00,135.00,0.00,35.83
Sudan,0.84,0.44,0.53,65.30,62.20,7.00,7.40,3.00,4.10,1902.00,5775.00,0.49,63.70,7.20,3.50,3846.00,-22.00,165.00,2010M,0.29,53.10,19.16,54.60,17.90,31.90,30.40,20.70,48.90,46.50,14.90,2010.00,NA,NA,NA,NA,NA,NA,NA,NA,NA,NA,NA,NA,NA,NA,NA
Suriname,0.97,0.71,0.73,74.60,68.20,13.00,12.00,8.20,8.50,10501.00,21512.00,0.73,71.30,12.70,8.30,16018.00,-27.00,97.00,2010M,0.03,7.60,39.00,43.10,4.70,2.00,31.00,37.20,31.80,NA,NA,2010.00,NA,NA,NA,NA,NA,NA,NA,NA,NA,NA,NA,NA,NA,NA,NA
Swaziland,0.85,0.50,0.58,48.10,49.60,11.00,11.80,6.40,7.20,5078.00,10020.00,0.54,48.90,11.40,6.80,7522.00,-33.00,149.00,2010M,0.11,25.90,309.00,43.50,20.50,7.40,13.70,41.00,45.30,63.00,42.00,2010.00,2545369.17,2099061.82,4988776858.00,4445837369.00,446307.35,542939489.00,542493181.60,21.26,12.21,-9.05,140.00,132.00,63.00,0.00,25.75
Sweden,1.00,0.91,0.91,84.00,80.60,16.60,15.10,12.40,12.20,40328.00,52181.00,0.91,82.30,16.10,12.30,46251.00,2.00,15.00,NA,NA,NA,NA,NA,NA,NA,NA,NA,NA,NA,NA,NA,62874049.49,54122271.71,506000000000.00,461000000000.00,8751777.78,45400000000.00,45370248222.00,16.17,9.85,-6.32,136.00,113.00,50.00,0.00,104.24
Switzerland,0.97,0.93,0.95,85.10,81.00,16.00,16.10,13.30,13.50,46798.00,66116.00,0.94,83.10,16.00,13.40,56364.00,7.00,2.00,NA,NA,NA,NA,NA,NA,NA,NA,NA,NA,NA,NA,NA,42892711.50,42190232.73,609000000000.00,565000000000.00,702478.77,44000000000.00,44011297521.00,1.67,7.80,6.13,88.00,54.00,42.00,0.00,120.28
Syrian Arab Republic,0.85,0.48,0.56,76.60,63.90,8.90,9.00,4.60,5.60,835.00,4007.00,0.54,69.70,9.00,5.10,2441.00,13.00,145.00,2009P,0.03,7.20,1.49,39.10,7.40,1.30,54.70,34.00,11.30,35.20,NA,2009.00,NA,NA,NA,NA,NA,NA,NA,NA,NA,NA,NA,NA,NA,NA,NA
Tajikistan,0.93,0.60,0.65,73.40,66.30,10.60,11.90,9.60,11.20,2100.00,3088.00,0.63,69.60,11.30,10.40,2601.00,30.00,129.00,2012D,0.03,7.90,623.00,39.00,23.40,1.20,13.40,52.60,34.00,31.30,19.50,2012.00,7510016.39,6923127.24,6996226341.00,5297820245.00,586889.15,1698406096.00,1697819207.00,8.48,32.06,23.58,21.00,83.00,133.00,0.00,26.06
Tanzania (United Republic of),0.94,0.51,0.55,66.90,64.10,8.30,9.30,5.40,6.20,2359.00,2576.00,0.53,65.50,8.90,5.80,2467.00,10.00,152.00,2010D,0.34,66.40,30.29,50.40,21.50,32.10,16.90,28.20,54.90,28.20,46.60,2010.00,62931648.67,50936408.42,38220903385.00,29530121807.00,11995240.24,8690781578.00,8678786338.00,23.55,29.43,5.88,90.00,140.00,124.00,0.00,30.95
Thailand,1.00,0.74,0.74,78.00,71.30,14.10,13.10,7.70,8.20,12938.00,16145.00,0.74,74.60,13.60,7.90,14519.00,-11.00,88.00,2005/2006M,0.00,1.00,667.00,38.80,4.40,0.10,19.40,51.30,29.40,10.50,0.00,2005/2006,173236437.30,147153327.10,379000000000.00,317000000000.00,26083110.25,61500000000.00,61439916890.00,17.73,19.38,1.66,112.00,122.00,97.00,0.00,84.26
The former Yugoslav Republic of Macedonia,0.95,0.73,0.77,77.90,73.20,13.00,12.80,8.90,9.80,9050.00,15790.00,0.75,75.50,12.90,9.40,12405.00,5.00,83.00,2011M,0.01,1.70,35.00,38.40,2.40,0.10,18.50,57.20,24.30,22.10,1.30,2011.00,6341191.87,7249968.25,9863707082.00,9101472088.00,-908776.38,762234994.00,763143770.40,-12.53,8.37,20.91,27.00,10.00,44.00,1.00,26.51
Timor-Leste,0.86,0.56,0.65,70.40,66.80,12.10,13.70,3.60,5.30,3124.00,7549.00,0.61,68.50,12.50,4.40,5371.00,-1.00,133.00,2009/2010D,0.32,64.30,680.00,50.10,21.40,31.50,20.00,30.40,49.60,41.80,46.80,2009/2010,839659.43,515762.94,1110000000.00,854000000.00,323896.49,255000000.00,254676103.50,62.80,29.86,-32.94,152.00,156.00,125.00,0.00,25.14
Togo,0.84,0.44,0.53,60.90,59.40,10.80,13.10,3.20,6.30,1116.00,1412.00,0.49,60.20,12.00,4.70,1262.00,18.00,167.00,2013/2014D,0.24,48.50,3.45,49.90,19.90,23.20,26.40,28.80,44.90,55.10,54.20,2013/2014,7011245.59,6467942.53,3626730618.00,3051036045.00,543303.07,575694573.00,575151269.90,8.40,18.87,10.47,67.00,82.00,95.00,0.00,25.53
Tonga,0.97,0.71,0.73,76.00,70.10,14.60,14.00,11.00,11.10,3959.00,6602.00,0.72,73.00,14.30,11.10,5284.00,33.00,101.00,NA,NA,NA,NA,NA,NA,NA,NA,NA,NA,NA,NA,NA,304041.07,229266.72,371151991.20,356684132.70,74774.35,14467858.50,14393084.15,32.61,4.06,-28.56,151.00,150.00,26.00,0.00,25.02
Trinidad and Tobago,1.00,0.79,0.78,74.20,67.10,14.30,12.30,10.80,11.00,21104.00,35179.00,0.78,70.50,12.70,10.90,28049.00,-25.00,64.00,2006M,0.01,1.70,23.00,38.00,0.50,0.20,2.20,86.10,11.70,NA,NA,2006.00,11812406.34,13024441.12,22972510518.00,21445251800.00,-1212034.78,1527258718.00,1528470753.00,-9.31,7.12,16.43,43.00,16.00,37.00,1.00,28.56
Tunisia,0.90,0.68,0.75,77.40,72.70,15.10,14.20,6.70,7.80,4662.00,15967.00,0.73,75.00,14.60,7.10,10249.00,3.00,97.00,2011/2012M,0.01,1.50,161.00,39.30,3.20,0.20,33.70,48.20,18.10,15.50,2.00,2011/2012,24019071.08,21659182.03,46279699807.00,42556922174.00,2359889.05,3722777633.00,3720417744.00,10.90,8.75,-2.15,129.00,90.00,45.00,0.00,32.21
Turkey,0.91,0.72,0.80,78.70,72.30,14.00,15.00,7.00,8.80,10648.00,27035.00,0.77,75.50,14.60,7.90,18705.00,-7.00,72.00,NA,NA,NA,NA,NA,NA,NA,NA,NA,NA,NA,NA,NA,243073117.30,205202715.00,846000000000.00,670000000000.00,37870402.34,176000000000.00,176000000000.00,18.46,26.34,7.89,81.00,126.00,118.00,0.00,157.51
Turkmenistan,NA,NA,NA,70.00,61.60,10.60,11.00,NA,NA,9359.00,18856.00,0.69,65.70,10.80,9.90,14026.00,-32.00,111.00,2006M,0.01,3.00,144.00,37.00,6.50,0.10,7.40,82.50,10.10,NA,NA,2006.00,29014740.45,23971804.48,31713468423.00,20680547525.00,5042935.97,11032920898.00,11027877962.00,21.04,53.35,32.31,9.00,130.00,152.00,0.00,29.93
Uganda,0.88,0.46,0.52,61.10,57.30,9.90,10.10,4.50,6.80,1266.00,2075.00,0.49,59.20,10.00,5.70,1670.00,8.00,165.00,2011D,0.36,70.30,24.09,51.10,20.60,33.30,18.00,30.20,51.90,19.50,34.60,2011.00,44780126.46,45077751.17,23745637611.00,19102581155.00,-297624.71,4643056456.00,4643354081.00,-0.66,24.31,24.97,20.00,43.00,112.00,1.00,28.68
Ukraine,1.00,0.74,0.74,76.00,66.20,15.50,15.10,11.30,11.30,5791.00,9181.00,0.74,71.10,15.30,11.30,7361.00,34.00,81.00,2012M,0.00,0.40,161.00,34.50,0.00,0.00,19.00,77.50,3.50,6.40,0.00,2012.00,146164264.00,130708440.50,144000000000.00,131000000000.00,15455823.43,13200000000.00,13204544177.00,11.82,10.13,-1.70,127.00,98.00,52.00,0.00,47.48
United Arab Emirates,0.97,0.82,0.84,78.70,76.50,13.90,12.90,10.60,8.70,27257.00,80420.00,0.84,77.10,13.30,9.50,66203.00,-35.00,42.00,NA,NA,NA,NA,NA,NA,NA,NA,NA,NA,NA,NA,NA,NA,NA,NA,NA,NA,NA,NA,NA,NA,NA,NA,NA,NA,NA,NA
United Kingdom,0.96,0.89,0.92,82.70,78.90,16.70,15.90,13.20,13.40,26324.00,49872.00,0.91,80.80,16.30,13.30,37931.00,10.00,16.00,NA,NA,NA,NA,NA,NA,NA,NA,NA,NA,NA,NA,NA,322976417.80,375214593.90,2550000000000.00,2380000000000.00,-52238176.18,162000000000.00,163000000000.00,-13.92,6.81,20.74,29.00,6.00,35.00,1.00,423.78
United States,0.99,0.92,0.92,81.60,76.90,17.30,15.80,13.20,13.20,42272.00,64410.00,0.92,79.20,16.50,13.20,53245.00,1.00,11.00,NA,NA,NA,NA,NA,NA,NA,NA,NA,NA,NA,NA,NA,NA,NA,NA,NA,NA,NA,NA,NA,NA,NA,NA,NA,NA,NA,NA
Uruguay,1.02,0.80,0.79,80.80,73.70,16.60,14.40,8.80,8.30,14608.00,24014.00,0.80,77.40,15.50,8.60,19148.00,8.00,54.00,NA,NA,NA,NA,NA,NA,NA,NA,NA,NA,NA,NA,NA,11244987.42,11723279.75,45897324290.00,37368653370.00,-478292.33,8528670920.00,8529149212.00,-4.08,22.82,26.90,16.00,29.00,108.00,1.00,32.15
Uzbekistan,0.95,0.67,0.71,71.90,65.10,11.80,12.20,11.80,12.30,3891.00,7668.00,0.70,69.40,12.20,12.00,5748.00,21.00,108.00,2006M,0.01,3.50,931.00,36.60,6.20,0.10,3.70,83.40,12.80,14.10,NA,2006.00,62619662.97,60154964.72,49777607129.00,36251401778.00,2464698.25,13526205351.00,13523740653.00,4.10,37.31,33.21,8.00,65.00,144.00,0.00,32.76
Vanuatu,NA,NA,NA,74.30,70.20,10.40,11.10,NA,NA,2139.00,3453.00,0.60,72.10,10.80,6.80,2805.00,23.00,134.00,2007M,0.14,31.20,69.00,43.10,32.60,7.30,24.40,24.10,51.60,12.70,15.40,2007.00,NA,NA,NA,NA,NA,NA,NA,NA,NA,NA,NA,NA,NA,NA,NA
Venezuela (Bolivarian Republic of),1.03,0.78,0.75,78.60,70.40,15.40,13.20,9.70,9.00,11579.00,18709.00,0.77,74.40,14.30,9.40,15129.00,2.00,70.00,NA,NA,NA,NA,NA,NA,NA,NA,NA,NA,NA,NA,NA,99557169.42,106005693.70,439000000000.00,400000000000.00,-6448524.32,39400000000.00,39402448524.00,-6.08,9.86,15.94,46.00,24.00,51.00,1.00,93.74
Viet Nam,1.01,0.69,0.68,80.60,71.20,12.90,12.50,7.90,8.20,4834.00,5846.00,0.68,75.90,12.60,8.00,5335.00,18.00,115.00,2013/2014M,0.02,3.90,3.65,39.90,4.30,0.60,39.60,24.30,36.10,13.50,3.10,2013/2014,151257591.50,133220265.00,137000000000.00,109000000000.00,18037326.44,27700000000.00,27704962674.00,13.54,25.45,11.91,63.00,102.00,116.00,0.00,46.37
Yemen,0.74,0.40,0.54,65.40,62.70,7.60,10.40,1.90,4.20,1045.00,3530.00,0.48,64.10,9.00,3.00,2300.00,-4.00,159.00,2013D,0.20,40.00,10.20,50.10,22.40,19.40,29.50,32.20,38.20,34.80,NA,2013.00,24793651.72,23069311.47,28954923602.00,28696460069.00,1724340.25,258463533.00,256739192.70,7.47,0.90,-6.57,137.00,77.00,13.00,0.00,29.50
Zambia,0.92,0.56,0.60,62.90,58.80,12.10,13.00,6.40,7.40,2803.00,4126.00,0.58,60.80,12.50,6.90,3464.00,7.00,139.00,2013/2014D,0.26,54.40,8.55,48.60,23.10,22.50,17.90,29.80,52.30,60.50,64.40,2013/2014,14746246.80,11542128.35,24183235705.00,18373423325.00,3204118.45,5809812380.00,5806608262.00,27.76,31.62,3.86,100.00,147.00,131.00,0.00,28.75
Zimbabwe,0.93,0.50,0.54,60.70,57.70,10.20,10.50,7.30,8.20,1360.00,1822.00,0.52,59.20,10.30,7.70,1588.00,20.00,158.00,2014M,0.13,28.90,4.41,44.10,29.30,7.80,10.80,34.50,54.80,72.30,21.40,2014.00,17038723.94,15605863.34,12180644492.00,8459783044.00,1432860.59,3720861448.00,3719428587.00,9.18,43.98,34.80,6.00,86.00,149.00,0.00,26.87
